{"cameraMode":{"drawMode":0,"name":"Shaded","section":"Shading Mode"},"sceneLighting":true,"audioPlay":false,"sceneViewState":{"showFog":true,"showMaterialUpdate":false,"showSkybox":true,"showFlares":true,"showImageEffects":true,"showParticleSystems":true},"in2DMode":false,"pivot":{"x":3.3083138465881349,"y":0.6669570207595825,"z":3.9088006019592287},"rotation":{"x":-0.10717154294252396,"y":0.7577061653137207,"z":-0.12874749302864076,"w":-0.6307294964790344},"size":4.753874778747559,"orthographic":false}