{"cameraMode":{"drawMode":0,"name":"Shaded","section":"Shading Mode"},"sceneLighting":true,"audioPlay":false,"sceneViewState":{"showFog":true,"showMaterialUpdate":false,"showSkybox":true,"showFlares":true,"showImageEffects":true,"showParticleSystems":true},"in2DMode":false,"pivot":{"x":-49.24123764038086,"y":1.0283434391021729,"z":7.583000659942627},"rotation":{"x":-0.01189610455185175,"y":0.9836680889129639,"z":0.16499634087085725,"w":0.07093459367752075},"size":1.5931849479675294,"orthographic":false}