{"cameraMode":{"drawMode":0,"name":"Shaded","section":"Shading Mode"},"sceneLighting":true,"audioPlay":false,"sceneViewState":{"showFog":true,"showMaterialUpdate":false,"showSkybox":false,"showFlares":true,"showImageEffects":true,"showParticleSystems":true},"in2DMode":false,"pivot":{"x":-9.435001373291016,"y":0.5554704666137695,"z":2.6610002517700197},"rotation":{"x":-0.018374046310782434,"y":-0.9680456519126892,"z":0.07450192421674729,"w":-0.2387455850839615},"size":24.517484664916993,"orthographic":false}