{"cameraMode":{"drawMode":0,"name":"Shaded","section":"Shading Mode"},"sceneLighting":false,"audioPlay":false,"sceneViewState":{"showFog":true,"showMaterialUpdate":false,"showSkybox":false,"showFlares":true,"showImageEffects":true,"showParticleSystems":true},"in2DMode":false,"pivot":{"x":-1.0898456573486329,"y":-2.527010917663574,"z":-3.984952926635742},"rotation":{"x":0.074428491294384,"y":0.8624092936515808,"z":-0.13299652934074403,"w":0.4827241599559784},"size":14.444573402404786,"orthographic":false}