{"cameraMode":{"drawMode":0,"name":"Shaded","section":"Shading Mode"},"sceneLighting":true,"audioPlay":false,"sceneViewState":{"showFog":true,"showMaterialUpdate":false,"showSkybox":false,"showFlares":true,"showImageEffects":true,"showParticleSystems":true},"in2DMode":false,"pivot":{"x":-14.762977600097657,"y":0.15737241506576539,"z":-1.4014496803283692},"rotation":{"x":0.017972692847251893,"y":0.9645002484321594,"z":-0.0681101456284523,"w":0.25451377034187319},"size":10.674911499023438,"orthographic":false}