{"cameraMode":{"drawMode":0,"name":"Shaded","section":"Shading Mode"},"sceneLighting":false,"audioPlay":false,"sceneViewState":{"showFog":true,"showMaterialUpdate":false,"showSkybox":false,"showFlares":true,"showImageEffects":true,"showParticleSystems":true},"in2DMode":false,"pivot":{"x":14.427088737487793,"y":5.380213737487793,"z":-1.5486478805541993},"rotation":{"x":0.11972877383232117,"y":-0.3340424597263336,"z":0.04282179847359657,"w":0.933941662311554},"size":21.16394805908203,"orthographic":false}