{"cameraMode":{"drawMode":0,"name":"Shaded","section":"Shading Mode"},"sceneLighting":false,"audioPlay":false,"sceneViewState":{"showFog":true,"showMaterialUpdate":false,"showSkybox":false,"showFlares":true,"showImageEffects":true,"showParticleSystems":true},"in2DMode":false,"pivot":{"x":2.3799524307250978,"y":1.410070776939392,"z":3.553016185760498},"rotation":{"x":-0.06777356564998627,"y":0.6425144672393799,"z":-0.05721180886030197,"w":-0.7611234188079834},"size":6.865837574005127,"orthographic":false}