{"cameraMode":{"drawMode":0,"name":"Shaded","section":"Shading Mode"},"sceneLighting":true,"audioPlay":false,"sceneViewState":{"showFog":true,"showMaterialUpdate":false,"showSkybox":true,"showFlares":true,"showImageEffects":true,"showParticleSystems":true},"in2DMode":false,"pivot":{"x":-11.616544723510743,"y":2.7757840156555177,"z":1.7573163509368897},"rotation":{"x":0.18355794250965119,"y":-0.44275903701782229,"z":0.09312362223863602,"w":0.8726963996887207},"size":8.28154468536377,"orthographic":false}