{"cameraMode":{"drawMode":0,"name":"Shaded","section":"Shading Mode"},"sceneLighting":false,"audioPlay":false,"sceneViewState":{"showFog":true,"showMaterialUpdate":false,"showSkybox":false,"showFlares":true,"showImageEffects":true,"showParticleSystems":true},"in2DMode":false,"pivot":{"x":-7.797469615936279,"y":1.8037834167480469,"z":-4.067571640014648},"rotation":{"x":0.08160343766212464,"y":0.0702054500579834,"z":-0.005762608256191015,"w":0.9941725134849548},"size":7.087103843688965,"orthographic":false}