{"cameraMode":{"drawMode":0,"name":"Shaded","section":"Shading Mode"},"sceneLighting":true,"audioPlay":false,"sceneViewState":{"showFog":true,"showMaterialUpdate":false,"showSkybox":false,"showFlares":true,"showImageEffects":true,"showParticleSystems":true},"in2DMode":false,"pivot":{"x":-14.762977600097657,"y":0.15737241506576539,"z":-1.4014496803283692},"rotation":{"x":0.015145908109843731,"y":0.9673269987106323,"z":-0.05956573784351349,"w":0.24596934020519257},"size":11.937104225158692,"orthographic":false}