{"cameraMode":{"drawMode":0,"name":"Shaded","section":"Shading Mode"},"sceneLighting":false,"audioPlay":false,"sceneViewState":{"showFog":true,"showMaterialUpdate":false,"showSkybox":false,"showFlares":true,"showImageEffects":true,"showParticleSystems":true},"in2DMode":false,"pivot":{"x":-4.6046905517578129,"y":0.32100003957748415,"z":9.803000450134278},"rotation":{"x":0.12532365322113038,"y":0.5532402992248535,"z":-0.08463848382234574,"w":0.8191797733306885},"size":9.5388822555542,"orthographic":false}