{"cameraMode":{"drawMode":0,"name":"Shaded","section":"Shading Mode"},"sceneLighting":true,"audioPlay":false,"sceneViewState":{"showFog":true,"showMaterialUpdate":false,"showSkybox":false,"showFlares":true,"showImageEffects":true,"showParticleSystems":true},"in2DMode":false,"pivot":{"x":-8.161876678466797,"y":2.652315855026245,"z":1.705831527709961},"rotation":{"x":-0.029937632381916047,"y":0.9674071073532105,"z":-0.13762116432189942,"w":-0.2104460597038269},"size":1.4518098831176758,"orthographic":false}