{"cameraMode":{"drawMode":0,"name":"Shaded","section":"Shading Mode"},"sceneLighting":true,"audioPlay":false,"sceneViewState":{"showFog":true,"showMaterialUpdate":false,"showSkybox":false,"showFlares":true,"showImageEffects":true,"showParticleSystems":true},"in2DMode":false,"pivot":{"x":-12.376632690429688,"y":1.8596992492675782,"z":-1.9976615905761719},"rotation":{"x":0.1904906928539276,"y":0.17964981496334077,"z":-0.03548126295208931,"w":0.9644586443901062},"size":86.93695831298828,"orthographic":false}