{"cameraMode":{"drawMode":0,"name":"Shaded","section":"Shading Mode"},"sceneLighting":true,"audioPlay":false,"sceneViewState":{"showFog":true,"showMaterialUpdate":false,"showSkybox":false,"showFlares":true,"showImageEffects":true,"showParticleSystems":true},"in2DMode":false,"pivot":{"x":-1.619575023651123,"y":5.278191566467285,"z":13.577627182006836},"rotation":{"x":-0.12242554128170014,"y":0.3639472424983978,"z":-0.04832344874739647,"w":-0.9220733046531677},"size":45.857139587402347,"orthographic":false}