{"cameraMode":{"drawMode":0,"name":"Shaded","section":"Shading Mode"},"sceneLighting":false,"audioPlay":false,"sceneViewState":{"showFog":true,"showMaterialUpdate":false,"showSkybox":false,"showFlares":true,"showImageEffects":true,"showParticleSystems":true},"in2DMode":false,"pivot":{"x":-0.2590875029563904,"y":0.5362133979797363,"z":5.72157621383667},"rotation":{"x":0.027241205796599389,"y":-0.729883074760437,"z":0.02913636900484562,"w":0.6824072599411011},"size":8.963586807250977,"orthographic":false}