{"cameraMode":{"drawMode":0,"name":"Shaded","section":"Shading Mode"},"sceneLighting":true,"audioPlay":false,"sceneViewState":{"showFog":true,"showMaterialUpdate":false,"showSkybox":false,"showFlares":true,"showImageEffects":true,"showParticleSystems":true},"in2DMode":false,"pivot":{"x":-8.488507270812989,"y":4.955953121185303,"z":-5.199018478393555},"rotation":{"x":0.1725672036409378,"y":0.44619083404541018,"z":-0.08812599629163742,"w":0.8737094402313232},"size":24.060897827148439,"orthographic":false}