{"cameraMode":{"drawMode":0,"name":"Shaded","section":"Shading Mode"},"sceneLighting":true,"audioPlay":false,"sceneViewState":{"showFog":true,"showMaterialUpdate":false,"showSkybox":false,"showFlares":true,"showImageEffects":true,"showParticleSystems":true},"in2DMode":false,"pivot":{"x":0.6095962524414063,"y":-2.8475418090820314,"z":-7.276609420776367},"rotation":{"x":0.0465087890625,"y":-0.9440686106681824,"z":0.28893381357192995,"w":0.15194934606552125},"size":45.56778335571289,"orthographic":false}