{"cameraMode":{"drawMode":0,"name":"Shaded","section":"Shading Mode"},"sceneLighting":true,"audioPlay":false,"sceneViewState":{"showFog":true,"showMaterialUpdate":false,"showSkybox":false,"showFlares":true,"showImageEffects":true,"showParticleSystems":true},"in2DMode":false,"pivot":{"x":9.007772445678711,"y":-3.5065135955810549,"z":-2.307870864868164},"rotation":{"x":0.0350024588406086,"y":0.9525414109230042,"z":-0.12069781869649887,"w":0.27725750207901},"size":31.23932456970215,"orthographic":false}