{"cameraMode":{"drawMode":0,"name":"Shaded","section":"Shading Mode"},"sceneLighting":true,"audioPlay":false,"sceneViewState":{"showFog":true,"showMaterialUpdate":false,"showSkybox":true,"showFlares":true,"showImageEffects":true,"showParticleSystems":true},"in2DMode":false,"pivot":{"x":2.6287999153137209,"y":0.8370705842971802,"z":3.8224074840545656},"rotation":{"x":-0.0132729671895504,"y":0.27594220638275149,"z":-0.0038108525332063438,"w":-0.9610750675201416},"size":6.098995685577393,"orthographic":false}