{"cameraMode":{"drawMode":0,"name":"Shaded","section":"Shading Mode"},"sceneLighting":false,"audioPlay":false,"sceneViewState":{"showFog":true,"showMaterialUpdate":false,"showSkybox":false,"showFlares":true,"showImageEffects":true,"showParticleSystems":true},"in2DMode":false,"pivot":{"x":-18.317930221557618,"y":2.0057573318481447,"z":2.5089101791381838},"rotation":{"x":-0.0021166307851672174,"y":-0.9805232882499695,"z":0.010602363385260105,"w":-0.19610504806041718},"size":4.65082311630249,"orthographic":false}